category,question,answer,question_length,answer_length,type
Account & Registration,How do I create an account?,"To create an account, click on the Sign Up button in the top right corner. Youll need to provide your email address, create a password, and fill in your basic information including name and phone number. After registration, youll receive a verification email to activate your account.",6,47,faq
Account & Registration,"I forgot my password, how can I reset it?",Click on Forgot Password on the login page. Enter your registered email address and well send you a password reset link. The link will expire in 24 hours for security reasons.,9,31,faq
Account & Registration,Can I change my email address?,"Yes, you can change your email address in your account settings. Go to My Account  Profile Settings  Edit Email. Youll need to verify the new email address before the change takes effect.",6,32,faq
Account & Registration,How do I delete my account?,"To delete your account, go to My Account  Account Settings  Delete Account. Please note that this action is irreversible and will permanently remove all your data, order history, and saved information.",6,31,faq
Shopping & Orders,How do I place an order?,"Browse our products, add items to your cart, and proceed to checkout. Youll need to provide shipping and billing information, select a payment method, and review your order before confirming. Youll receive an order confirmation email once your order is placed.",6,41,faq
Shopping & Orders,What payment methods do you accept?,"We accept major credit cards (Visa, MasterCard, American Express), PayPal, Apple Pay, Google Pay, and bank transfers. All payments are processed securely through our encrypted payment gateway.",6,27,faq
Shopping & Orders,Can I modify or cancel my order?,"You can modify or cancel your order within 1 hour of placing it by contacting our customer service. After that, orders are processed and cannot be changed. For cancellations after processing, please refer to our return policy.",7,37,faq
Shopping & Orders,How do I track my order?,"You can track your order by logging into your account and going to My Orders, or by using the tracking number provided in your shipping confirmation email. You can also track directly on the carriers website using the tracking number.",6,40,faq
Shopping & Orders,What if my order is damaged or incorrect?,"If your order arrives damaged or incorrect, please contact us within 48 hours of delivery. Take photos of the damage and well arrange for a replacement or refund. You may need to return the damaged items at our expense.",8,39,faq
Shipping & Delivery,How long does shipping take?,"Standard shipping takes 3-5 business days, express shipping takes 1-2 business days, and overnight shipping is available for select locations. International shipping typically takes 7-14 business days depending on the destination.",5,31,faq
Shipping & Delivery,How much does shipping cost?,"Standard shipping is free for orders over 50. For orders under 50, standard shipping costs 5.99. Express shipping costs 12.99, and overnight shipping costs 24.99. International shipping costs vary by location.",5,31,faq
Shipping & Delivery,Do you ship internationally?,"Yes, we ship to most countries worldwide. International shipping costs and delivery times vary by location. Some restrictions may apply to certain products due to local regulations.",4,27,faq
Shipping & Delivery,Can I change my shipping address after ordering?,"You can change your shipping address within 1 hour of placing your order by contacting customer service. After that, the order will be processed and shipped to the original address provided.",8,31,faq
Shipping & Delivery,What happens if Im not home for delivery?,"If youre not home, the delivery person will leave a notice with instructions for pickup. You can also authorize delivery to a neighbor or specify a safe location in your delivery instructions.",8,32,faq
Returns & Refunds,What is your return policy?,"We offer a 30-day return policy for most items. Items must be unused, in original packaging, and in the same condition as received. Some items like electronics, personal care products, and custom items may have different return terms.",5,38,faq
Returns & Refunds,How do I return an item?,"To return an item, go to My Orders in your account, select the order, and click Return Item. Print the return label and package the item securely. Drop it off at any authorized shipping location or schedule a pickup.",6,39,faq
Returns & Refunds,How long does it take to process a refund?,"Once we receive your return, well inspect the item and process your refund within 3-5 business days. Refunds are issued to the original payment method and may take 5-10 business days to appear on your statement.",9,36,faq
Returns & Refunds,Do I have to pay for return shipping?,"Return shipping is free for items that are defective, damaged, or incorrect. For other returns, you may be responsible for return shipping costs unless you have a premium membership.",8,29,faq
Returns & Refunds,Can I exchange an item instead of returning it?,"Yes, you can exchange an item for a different size, color, or model. Exchanges follow the same process as returns. If the new item costs more, youll pay the difference. If it costs less, youll receive a refund for the difference.",9,41,faq
Product Information,How do I know if a product is in stock?,"Product availability is shown on each product page. Items marked as In Stock are ready to ship immediately. Items marked as Backordered will ship when available, and youll be notified of the expected shipping date.",10,35,faq
Product Information,Do you offer product warranties?,Most products come with a manufacturers warranty. Warranty information is listed on each product page. We also offer extended warranty options for eligible items at checkout.,5,26,faq
Product Information,Can I see customer reviews?,"Yes, customer reviews and ratings are displayed on each product page. You can filter reviews by rating, date, and helpfulness. We encourage customers to leave honest reviews to help others make informed decisions.",5,33,faq
Product Information,Do you offer product recommendations?,"Yes, we provide personalized product recommendations based on your browsing and purchase history. You can also find related products and Frequently Bought Together suggestions on product pages.",5,27,faq
Product Information,How do I compare products?,"You can compare up to 4 products at once using our comparison tool. Add items to your comparison list and click Compare to see side-by-side specifications, features, and pricing.",5,29,faq
Customer Service,How can I contact customer service?,"You can contact us through live chat (available 247), email at supportecomstore.com, or phone at 1-800-ECOMMERCE (available Monday-Friday, 8 AM-8 PM EST). We typically respond within 2 hours.",6,28,faq
Customer Service,What are your customer service hours?,"Our live chat is available 247. Phone support is available Monday-Friday, 8 AM-8 PM EST, and Saturday-Sunday, 9 AM-6 PM EST. Email support is monitored daily and we respond within 2 hours during business hours.",6,35,faq
Customer Service,Do you offer technical support?,"Yes, we offer technical support for products we sell. Technical support is available through our customer service channels. For complex issues, we may connect you with the manufacturers support team.",5,30,faq
Customer Service,Can I speak to a supervisor?,"If our customer service representatives cannot resolve your issue, you can request to speak with a supervisor. Supervisors are available during business hours and will contact you within 24 hours.",6,30,faq
Security & Privacy,Is my payment information secure?,"Yes, we use industry-standard SSL encryption to protect your payment information. We never store your complete credit card details on our servers. All transactions are processed through secure, PCI-compliant payment gateways.",5,31,faq
Security & Privacy,How do you protect my personal information?,"We protect your personal information through encryption, secure servers, and strict access controls. We never sell your personal information to third parties. For more details, please read our Privacy Policy.",7,30,faq
Security & Privacy,What if I notice unauthorized charges?,"If you notice unauthorized charges, contact us immediately and well investigate. We also recommend contacting your bank or credit card company to report the issue. We have fraud protection measures in place to prevent unauthorized transactions.",6,36,faq
Loyalty & Rewards,Do you have a loyalty program?,"Yes, we have a rewards program where you earn points for every purchase. Points can be redeemed for discounts on future orders. You can also earn bonus points for reviews, referrals, and special promotions.",6,34,faq
Loyalty & Rewards,How do I earn reward points?,"You earn 1 point for every 1 spent on eligible purchases. You can also earn bonus points for writing product reviews (50 points), referring friends (100 points), and participating in special promotions.",6,32,faq
Loyalty & Rewards,How do I redeem my reward points?,"You can redeem points at checkout. 100 points  1 discount. Points can be used on most items, though some restrictions may apply. Points expire after 2 years if not used.",7,30,faq
Technical Issues,The website is not loading properly,"Try clearing your browser cache and cookies, or try a different browser. If the issue persists, check your internet connection or try accessing the site from a different device. Contact us if the problem continues.",6,35,faq
Technical Issues,I cant add items to my cart,"This could be due to browser issues or the item being out of stock. Try refreshing the page, clearing your browser cache, or using a different browser. If the problem continues, contact our customer service.",7,35,faq
Technical Issues,My order confirmation email didnt arrive,"Check your spam or junk folder first. If you dont see it there, contact our customer service with your order number and we can resend the confirmation email or provide order details.",6,32,faq
